{
  "development": {
    "serverUrl": "/",
    "isDebug":true,
    "assetUrl":"app/",
    "COOKIE_CONFIG":{
      "path":"/",
      "domain":"localhost"
    },
    "WEBSOCKET_PORT":11204
  },
  "production": {
    "serverUrl": "../",
    "isDebug":false,
    "assetUrl":"",
    "COOKIE_CONFIG":{
      "path":"/",
      "domain":".goku.com"
    },
    "WEBSOCKET_PORT":1204
  },
  "test": {
    "serverUrl": "../",
    "isDebug":false,
    "assetUrl":"",
    "COOKIE_CONFIG":{
      "path":"/",
      "domain":".goku.com"
    },
    "WEBSOCKET_PORT":11204
  }
}